threshold,num_examples,positive_count,negative_count,positive_rate,predicted_positive_count,predicted_negative_count,true_negative,false_positive,false_negative,true_positive,accuracy,F1_weighted,F1_macro,F1_positive,F1_negative,balanced_accuracy,AUROC,PR_AUC_positive,PR_AUC_negative,feature_group,seed,threshold_mode,train_sec,num_features
0.5,5339,4584,755,0.8585877505150777,3422,1917,616,139,1301,3283,0.7302865705188237,0.7693598330535543,0.640606371568629,0.8201348988258806,0.46107784431137727,0.7660403881048969,0.8431232157923326,0.9675478495811116,0.5554372199669756,old_basic_pre_user,42,fixed_0.5,0.7202174663543701,21
0.1486394099891186,5339,4584,755,0.8585877505150777,4346,993,436,319,557,4027,0.8359243303989511,0.8449077908522283,0.7003797653245046,0.9019036954087346,0.4988558352402746,0.727986922552385,0.8431232157923326,0.9675478495811116,0.5554372199669756,old_basic_pre_user,42,val_F1_macro,0.7202174663543701,21
0.5,5339,4584,755,0.8585877505150777,3441,1898,603,152,1295,3289,0.7289754635699569,0.7680576235296946,0.6371340972953677,0.8196884735202492,0.4545797210704862,0.7580855668434983,0.8388005212486853,0.9665623283005129,0.5420488990371228,old_basic_pre_user,43,fixed_0.5,0.6620702743530273,21
0.17859003864228726,5339,4584,755,0.8585877505150777,4275,1064,455,300,609,3975,0.8297433976400075,0.8412351882588485,0.6988336792635661,0.8973924822214697,0.5002748763056625,0.7348978017405776,0.8388005212486853,0.9665623283005129,0.5420488990371228,old_basic_pre_user,43,val_F1_macro,0.6620702743530273,21
0.5,5339,4584,755,0.8585877505150777,3454,1885,606,149,1279,3305,0.7325341824311669,0.7709754487753434,0.6407173878622,0.8223438666334909,0.4590909090909091,0.761817522508466,0.8420235082001317,0.9676931831840827,0.5517234471427389,old_basic_pre_user,44,fixed_0.5,0.6562240123748779,21
0.19171009123325347,5339,4584,755,0.8585877505150777,4243,1096,463,292,633,3951,0.8267465817568833,0.8393588477597617,0.6977390045778824,0.8952078848986066,0.5002701242571583,0.7375780139384904,0.8420235082001317,0.9676931831840827,0.5517234471427389,old_basic_pre_user,44,val_F1_macro,0.6562240123748779,21
0.5,5339,4584,755,0.8585877505150777,3443,1896,598,157,1298,3286,0.7274770556283948,0.7667555643398822,0.6349436363326207,0.8187367634234459,0.45115050924179556,0.7544470834344625,0.839006102423633,0.9668776371459071,0.5380247038175074,old_basic_pre_user,45,fixed_0.5,0.6424474716186523,21
0.2175113409757614,5339,4584,755,0.8585877505150777,4163,1176,485,270,691,3893,0.8200037460198539,0.8352936144544728,0.6962320794517283,0.8901337601463359,0.5023303987571207,0.7458211978317904,0.839006102423633,0.9668776371459071,0.5380247038175074,old_basic_pre_user,45,val_F1_macro,0.6424474716186523,21
0.5,5339,4584,755,0.8585877505150777,3447,1892,602,153,1290,3294,0.729724667540738,0.7686397865797283,0.6375879037298658,0.8203212551363467,0.45485455232338495,0.7579686904060192,0.8383962934711002,0.9668245919506425,0.5433198158424989,old_basic_pre_user,46,fixed_0.5,0.6502282619476318,21
0.16374149188399315,5339,4584,755,0.8585877505150777,4306,1033,450,305,583,4001,0.833676718486608,0.8440062170055322,0.7017340953186222,0.9001124859392576,0.5033557046979866,0.7344224945968124,0.8383962934711002,0.9668245919506425,0.5433198158424989,old_basic_pre_user,46,val_F1_macro,0.6502282619476318,21
0.5,5339,4584,755,0.8585877505150777,3454,1885,605,150,1280,3304,0.7321595804457763,0.7706546860985581,0.6402141909264327,0.8220950485195322,0.4583333333333333,0.7610461958092067,0.841425256868116,0.9671535420916483,0.5480818559346482,old_basic_no_pair,42,fixed_0.5,0.5821366310119629,17
0.13928925961256036,5339,4584,755,0.8585877505150777,4371,968,431,324,537,4047,0.83873384528938,0.8467839288462212,0.7020713939206576,0.9038525963149079,0.5002901915264074,0.7268571651468396,0.841425256868116,0.9671535420916483,0.5480818559346482,old_basic_no_pair,42,val_F1_macro,0.5821366310119629,17
0.5,5339,4584,755,0.8585877505150777,3471,1868,589,166,1279,3305,0.7293500655553474,0.7680730677532193,0.6348561985567674,0.8206083178150217,0.44910407929851315,0.7505592443627707,0.8368822451833615,0.9663391194621767,0.5428798180131561,old_basic_no_pair,43,fixed_0.5,0.5741665363311768,17
0.23797627627849577,5339,4584,755,0.8585877505150777,4131,1208,492,263,716,3868,0.8166323281513392,0.8330244706155542,0.6944692531862404,0.8876649454962708,0.5012735608762099,0.7477300833304439,0.8368822451833615,0.9663391194621767,0.5428798180131561,old_basic_no_pair,43,val_F1_macro,0.5741665363311768,17
0.5,5339,4584,755,0.8585877505150777,3452,1887,605,150,1282,3302,0.7317849784603858,0.7703539207569802,0.6398941327237122,0.8218018914883026,0.4579863739591219,0.7608280457219467,0.8421110571755487,0.9675463955349808,0.5497361504972631,old_basic_no_pair,44,fixed_0.5,0.6026778221130371,17
0.16693386495113371,5339,4584,755,0.8585877505150777,4303,1036,452,303,584,4000,0.8338640194793032,0.8442704757600171,0.7024686213156979,0.900191290649263,0.5047459519821329,0.7356379228644407,0.8421110571755487,0.9675463955349808,0.5497361504972631,old_basic_no_pair,44,val_F1_macro,0.6026778221130371,17
0.5,5339,4584,755,0.8585877505150777,3451,1888,610,145,1278,3306,0.7334706873946432,0.7718071231380162,0.6422482418834926,0.8228998133167392,0.46159667045024594,0.7645756041746126,0.8419258463067624,0.9670115467804297,0.5494691083306499,old_basic_no_pair,45,fixed_0.5,0.5997586250305176,17
0.20003376118838787,5339,4584,755,0.8585877505150777,4209,1130,478,277,652,3932,0.8259973777861023,0.8395949372398966,0.7007547901770186,0.8943477766405095,0.5071618037135278,0.7454393629439571,0.8419258463067624,0.9670115467804297,0.5494691083306499,old_basic_no_pair,45,val_F1_macro,0.5997586250305176,17
0.5,5339,4584,755,0.8585877505150777,3434,1905,611,144,1294,3290,0.7306611725042143,0.7695676426592597,0.6400260128995474,0.8206535295584934,0.45939849624060153,0.7634926551321614,0.843508806906834,0.9677240886312107,0.5547148222273245,old_basic_no_pair,46,fixed_0.5,0.6177999973297119,17
0.16916564345359802,5339,4584,755,0.8585877505150777,4281,1058,455,300,603,3981,0.830867203596179,0.8421100485600482,0.7000346249077214,0.8981387478849407,0.5019305019305019,0.7355522520023577,0.843508806906834,0.9677240886312107,0.5547148222273245,old_basic_no_pair,46,val_F1_macro,0.6177999973297119,17
0.5,5339,4584,755,0.8585877505150777,3434,1905,602,153,1303,3281,0.7272897546356996,0.7666832320666775,0.6355200798204041,0.8184085806934398,0.45263157894736844,0.7565507148388291,0.8228358355581753,0.9623517133771258,0.5230047062214267,degree_ratio_status,42,fixed_0.5,0.5236945152282715,13
0.15637537837028503,5339,4584,755,0.8585877505150777,4303,1036,419,336,617,3967,0.821502153961416,0.8326829350612135,0.6803298716052538,0.8927647125014065,0.46789503070910105,0.7101841417888886,0.8228358355581753,0.9623517133771258,0.5230047062214267,degree_ratio_status,42,val_F1_macro,0.5236945152282715,13
0.5,5339,4584,755,0.8585877505150777,3417,1922,609,146,1313,3271,0.7267278516576138,0.7663631048304235,0.6363173598444012,0.8176477940257468,0.45498692566305565,0.7600957259919328,0.8261629855645319,0.9630283631953497,0.5232717254927315,degree_ratio_status,43,fixed_0.5,0.5312070846557617,13
0.1700703716278076,5339,4584,755,0.8585877505150777,4264,1075,430,325,645,3939,0.8183180370855966,0.8309174107526613,0.68015803021769,0.890370705244123,0.46994535519125685,0.7144148087791686,0.8261629855645319,0.9630283631953497,0.5232717254927315,degree_ratio_status,43,val_F1_macro,0.5312070846557617,13
0.5,5339,4584,755,0.8585877505150777,3462,1877,597,158,1280,3304,0.7306611725042143,0.7692902346883955,0.6374625349528962,0.8212776534924185,0.45364741641337386,0.7557481825641736,0.8281913479652809,0.9636227370587277,0.5195361834650688,degree_ratio_status,44,fixed_0.5,0.5278644561767578,13
0.14875658959150326,5339,4584,755,0.8585877505150777,4344,995,417,338,578,4006,0.8284322906911407,0.8378909160169393,0.6869864311315924,0.8974014336917563,0.4765714285714286,0.7131135651792009,0.8281913479652809,0.9636227370587277,0.5195361834650688,degree_ratio_status,44,val_F1_macro,0.5278644561767578,13
0.5,5339,4584,755,0.8585877505150777,3460,1879,601,154,1278,3306,0.7317849784603858,0.7702732887574286,0.6391596409572711,0.8219791148682247,0.4563401670463174,0.7586153392739503,0.8249137512568913,0.9631751322355717,0.5182423887716305,degree_ratio_status,45,fixed_0.5,0.5387413501739502,13
0.20537745974957944,5339,4584,755,0.8585877505150777,4147,1192,450,305,742,3842,0.8038958606480614,0.8209957815550714,0.671166039786327,0.8800824647806665,0.4622496147919877,0.7170795626596397,0.8249137512568913,0.9631751322355717,0.5182423887716305,degree_ratio_status,45,val_F1_macro,0.5387413501739502,13
0.5,5339,4584,755,0.8585877505150777,3437,1902,601,154,1301,3283,0.7274770556283948,0.7668144140742794,0.6354955426799533,0.8186011719237003,0.45238991343620627,0.7561066132704599,0.82524429920368,0.963067404746492,0.5300262109221294,degree_ratio_status,46,fixed_0.5,0.5347979068756104,13
0.18358094990253448,5339,4584,755,0.8585877505150777,4218,1121,440,315,681,3903,0.8134482112755198,0.8277674126341682,0.6779635273820788,0.8868438991138378,0.4690831556503198,0.7171106237647793,0.82524429920368,0.963067404746492,0.5300262109221294,degree_ratio_status,46,val_F1_macro,0.5347979068756104,13
0.5,5339,4584,755,0.8585877505150777,0,5339,755,0,4584,0,0.14141224948492226,0.03503979270138376,0.12389235313423039,0.0,0.24778470626846077,0.5,0.5,0.8585877505150777,0.14141224948492226,pair_history_only,42,fixed_0.5,0.31316089630126953,4
0.0,5339,4584,755,0.8585877505150777,5339,0,0,755,0,4584,0.8585877505150777,0.7932613621608618,0.46195706943464676,0.9239141388692935,0.0,0.5,0.5,0.8585877505150777,0.14141224948492226,pair_history_only,42,val_F1_macro,0.31316089630126953,4
0.5,5339,4584,755,0.8585877505150777,5339,0,0,755,0,4584,0.8585877505150777,0.7932613621608618,0.46195706943464676,0.9239141388692935,0.0,0.5,0.5,0.8585877505150777,0.14141224948492226,pair_history_only,43,fixed_0.5,0.29506969451904297,4
0.0,5339,4584,755,0.8585877505150777,5339,0,0,755,0,4584,0.8585877505150777,0.7932613621608618,0.46195706943464676,0.9239141388692935,0.0,0.5,0.5,0.8585877505150777,0.14141224948492226,pair_history_only,43,val_F1_macro,0.29506969451904297,4
0.5,5339,4584,755,0.8585877505150777,5339,0,0,755,0,4584,0.8585877505150777,0.7932613621608618,0.46195706943464676,0.9239141388692935,0.0,0.5,0.5,0.8585877505150777,0.14141224948492226,pair_history_only,44,fixed_0.5,0.3010704517364502,4
0.0,5339,4584,755,0.8585877505150777,5339,0,0,755,0,4584,0.8585877505150777,0.7932613621608618,0.46195706943464676,0.9239141388692935,0.0,0.5,0.5,0.8585877505150777,0.14141224948492226,pair_history_only,44,val_F1_macro,0.3010704517364502,4
0.5,5339,4584,755,0.8585877505150777,0,5339,755,0,4584,0,0.14141224948492226,0.03503979270138376,0.12389235313423039,0.0,0.24778470626846077,0.5,0.5,0.8585877505150777,0.14141224948492226,pair_history_only,45,fixed_0.5,0.31812334060668945,4
0.0,5339,4584,755,0.8585877505150777,5339,0,0,755,0,4584,0.8585877505150777,0.7932613621608618,0.46195706943464676,0.9239141388692935,0.0,0.5,0.5,0.8585877505150777,0.14141224948492226,pair_history_only,45,val_F1_macro,0.31812334060668945,4
0.5,5339,4584,755,0.8585877505150777,0,5339,755,0,4584,0,0.14141224948492226,0.03503979270138376,0.12389235313423039,0.0,0.24778470626846077,0.5,0.5,0.8585877505150777,0.14141224948492226,pair_history_only,46,fixed_0.5,0.3031189441680908,4
0.0,5339,4584,755,0.8585877505150777,5339,0,0,755,0,4584,0.8585877505150777,0.7932613621608618,0.46195706943464676,0.9239141388692935,0.0,0.5,0.5,0.8585877505150777,0.14141224948492226,pair_history_only,46,val_F1_macro,0.3031189441680908,4
0.5,5339,4584,755,0.8585877505150777,4062,1277,417,338,860,3724,0.7756134107510769,0.7976610787385783,0.6359359432517153,0.861438815637289,0.4104330708661417,0.682354402875536,0.7420470568519354,0.9369702915227363,0.4203531325569307,target_reputation_user,42,fixed_0.5,0.47318577766418457,9
0.28807721063494685,5339,4584,755,0.8585877505150777,4459,880,380,375,500,4084,0.8361116313916463,0.8412437754134077,0.684035939738815,0.9032400751962845,0.4648318042813456,0.6971181073240642,0.7420470568519354,0.9369702915227363,0.4203531325569307,target_reputation_user,42,val_F1_macro,0.47318577766418457,9
0.5,5339,4584,755,0.8585877505150777,3926,1413,422,333,991,3593,0.7520134856714741,0.7800588678083853,0.6168586121818915,0.8444183313748531,0.3892988929889299,0.6713768304381493,0.7450264669509842,0.9382784230838415,0.4052243894724492,target_reputation_user,43,fixed_0.5,0.46164631843566895,9
0.22975071579217915,5339,4584,755,0.8585877505150777,4517,822,366,389,456,4128,0.8417306611725042,0.8445101797066592,0.6856627697472673,0.9071530601032853,0.4641724793912492,0.6926458860649769,0.7450264669509842,0.9382784230838415,0.4052243894724492,target_reputation_user,43,val_F1_macro,0.46164631843566895,9
0.5,5339,4584,755,0.8585877505150777,4006,1333,417,338,916,3668,0.7651245551601423,0.7897315606072446,0.6267207926886382,0.8540162980209546,0.3994252873563218,0.676246200432255,0.7425518359280192,0.9371482043874844,0.4235130922408942,target_reputation_user,44,fixed_0.5,0.47600388526916504,9
0.2740090787410736,5339,4584,755,0.8585877505150777,4475,864,380,375,484,4100,0.8391084472747705,0.8435565578252566,0.6873013716068044,0.9051771718732752,0.4694255713403335,0.6988633080221445,0.7425518359280192,0.9371482043874844,0.4235130922408942,target_reputation_user,44,val_F1_macro,0.47600388526916504,9
0.5,5339,4584,755,0.8585877505150777,3923,1416,418,337,998,3586,0.7499531747518262,0.7783043927244471,0.6140732072219279,0.843070412601387,0.38507600184246893,0.6679642985102228,0.7405084486205981,0.9366213711008367,0.41556102129653916,target_reputation_user,45,fixed_0.5,0.4747281074523926,9
0.27424715086817747,5339,4584,755,0.8585877505150777,4444,895,378,377,517,4067,0.8325529125304364,0.8383584013661483,0.6795782817094292,0.9009747452370404,0.4581818181818182,0.6939393282710955,0.7405084486205981,0.9366213711008367,0.41556102129653916,target_reputation_user,45,val_F1_macro,0.4747281074523926,9
0.5,5339,4584,755,0.8585877505150777,4074,1265,414,341,851,3733,0.7767372167072486,0.7983457262441165,0.6361124262114362,0.8623238623238624,0.4099009900990099,0.6813493233013187,0.7513601874646048,0.9402020360166166,0.4153478381640333,target_reputation_user,46,fixed_0.5,0.4801609516143799,9
0.22968731820583344,5339,4584,755,0.8585877505150777,4505,834,370,385,464,4120,0.8409814572017231,0.8442433232907944,0.6861460415812557,0.906590383980636,0.4657016991818754,0.6944222923384533,0.7513601874646048,0.9402020360166166,0.4153478381640333,target_reputation_user,46,val_F1_macro,0.4801609516143799,9
0.5,5339,4584,755,0.8585877505150777,3591,1748,448,307,1300,3284,0.6990073047387151,0.7404323336288019,0.5806977559650133,0.8034250764525994,0.3579704354774271,0.6548911850028316,0.6943802514938224,0.9054096113506822,0.45260196573679434,user_added_only,42,fixed_0.5,0.44665026664733887,8
0.23520919241011143,5339,4584,755,0.8585877505150777,4536,803,375,380,428,4156,0.8486607979022289,0.850593821086918,0.6963949507916132,0.9114035087719298,0.4813863928112965,0.7016602521872797,0.6943802514938224,0.9054096113506822,0.45260196573679434,user_added_only,42,val_F1_macro,0.44665026664733887,8
0.5,5339,4584,755,0.8585877505150777,3657,1682,445,310,1237,3347,0.7102453643004308,0.7490579066830332,0.5887415908437834,0.8122800630991385,0.3652031185884284,0.6597761577846353,0.6925152849531337,0.9045768317356369,0.44634267084318135,user_added_only,43,fixed_0.5,0.44817447662353516,8
0.237893376648426,5339,4584,755,0.8585877505150777,4574,765,371,384,394,4190,0.8542798276830867,0.8546796114054566,0.7016024241100678,0.9150469534832933,0.4881578947368421,0.7027197970481838,0.6925152849531337,0.9045768317356369,0.44634267084318135,user_added_only,43,val_F1_macro,0.44817447662353516,8
0.5,5339,4584,755,0.8585877505150777,3641,1698,448,307,1250,3334,0.7083723543734782,0.7477095373932052,0.5879830540607184,0.8106990881458966,0.3652670199755402,0.6603449371843325,0.6930764074292385,0.9074989972101785,0.42114763534711414,user_added_only,44,fixed_0.5,0.44665050506591797,8
0.20706172689795493,5339,4584,755,0.8585877505150777,4604,735,366,389,369,4215,0.858025847536992,0.8572275221566007,0.7043881280806888,0.9175010883761427,0.4912751677852349,0.7021354148607885,0.6930764074292385,0.9074989972101785,0.42114763534711414,user_added_only,44,val_F1_macro,0.44665050506591797,8
0.5,5339,4584,755,0.8585877505150777,3584,1755,449,306,1306,3278,0.6980707997752388,0.7397336150877326,0.5802066952561936,0.8026444662095984,0.35776892430278884,0.6548989863966806,0.6928114489788841,0.9047696212537905,0.4350163649016423,user_added_only,45,fixed_0.5,0.45542311668395996,8
0.2548063641786576,5339,4584,755,0.8585877505150777,4515,824,376,379,448,4136,0.845102079041019,0.8478991709006356,0.6926808414735078,0.9091108913067371,0.47625079164027867,0.7001410029703085,0.6928114489788841,0.9047696212537905,0.4350163649016423,user_added_only,45,val_F1_macro,0.45542311668395996,8
0.5,5339,4584,755,0.8585877505150777,3591,1748,449,306,1299,3285,0.6993819067241056,0.7407553798843977,0.5812196006993443,0.8036697247706422,0.35876947662804637,0.6556625117020908,0.693759029391029,0.9077962893423522,0.43598568327572834,user_added_only,46,fixed_0.5,0.45615410804748535,8
0.21063634201884268,5339,4584,755,0.8585877505150777,4589,750,369,386,381,4203,0.8563401386027346,0.8561406538703147,0.7033752457830705,0.9163850430611578,0.49036544850498337,0.7028132693041157,0.693759029391029,0.9077962893423522,0.43598568327572834,user_added_only,46,val_F1_macro,0.45615410804748535,8
0.5,5339,4584,755,0.8585877505150777,3588,1751,555,200,1196,3388,0.7385278141974152,0.7745543070301433,0.6360548682183806,0.8291727851199217,0.4429369513168396,0.7370959166926714,0.823561509656392,0.9622176170614926,0.5537067907956875,all_current,42,fixed_0.5,0.7558095455169678,29
0.12930894002318383,5339,4584,755,0.8585877505150777,4495,844,393,362,451,4133,0.8477242929387526,0.8512157423495913,0.7010049581462034,0.9104526930278665,0.4915572232645403,0.7110720559851138,0.823561509656392,0.9622176170614926,0.5537067907956875,all_current,42,val_F1_macro,0.7558095455169678,29
0.5,5339,4584,755,0.8585877505150777,3577,1762,550,205,1212,3372,0.7345944933508147,0.7713117154023567,0.6316987628349744,0.8263693174856023,0.43702820818434646,0.7320394577164453,0.8161101672387688,0.9599756418099381,0.5428957586394423,all_current,43,fixed_0.5,0.7708818912506104,29
0.12636715829372405,5339,4584,755,0.8585877505150777,4508,831,386,369,445,4139,0.8475369919460574,0.8505527328785409,0.6986149430038131,0.9104707435107787,0.48675914249684743,0.7070907446574899,0.8161101672387688,0.9599756418099381,0.5428957586394423,all_current,43,val_F1_macro,0.7708818912506104,29
0.5,5339,4584,755,0.8585877505150777,3566,1773,565,190,1208,3376,0.7381532122120247,0.7745213610549468,0.6377299642773938,0.8284662576687116,0.44699367088607594,0.7424095327254026,0.8309429284698866,0.9640053549539067,0.5505766980027329,all_current,44,fixed_0.5,0.7557997703552246,29
0.26440759658813473,5339,4584,755,0.8585877505150777,4125,1214,471,284,743,3841,0.8076418805019666,0.8249934635203886,0.6802457263144243,0.8820760133195544,0.47841543930929403,0.7308777723842215,0.8309429284698866,0.9640053549539067,0.5505766980027329,all_current,44,val_F1_macro,0.7557997703552246,29
0.5,5339,4584,755,0.8585877505150777,3583,1756,549,206,1207,3377,0.7353436973215958,0.7718767914038992,0.6321313196345288,0.8269866536059752,0.43727598566308246,0.7319225812789663,0.8208788414641195,0.9615607314437671,0.5404498078658927,all_current,45,fixed_0.5,0.750739574432373,29
0.15697936058044434,5339,4584,755,0.8585877505150777,4417,922,415,340,507,4077,0.8413560591871136,0.8477834465753886,0.7004153848406296,0.9058993445172758,0.4949314251639833,0.719533389965674,0.8208788414641195,0.9615607314437671,0.5404498078658927,all_current,45,val_F1_macro,0.750739574432373,29
0.5,5339,4584,755,0.8585877505150777,3586,1753,550,205,1203,3381,0.7362802022850721,0.7726435246394036,0.6331293349653203,0.8276621787025704,0.43859649122807015,0.7330211331091154,0.8259810975116444,0.9630000242844449,0.5485809274338435,all_current,46,fixed_0.5,0.7501766681671143,29
0.1323932196199894,5339,4584,755,0.8585877505150777,4492,847,399,356,448,4136,0.84941000187301,0.8529708221480774,0.7047710304825007,0.9114147201410313,0.49812734082397003,0.7153727910497787,0.8259810975116444,0.9630000242844449,0.5485809274338435,all_current,46,val_F1_macro,0.7501766681671143,29
